Student_ID,Name,Department,Python,Maths,Statistics,Attendance,Total,Average,Grade,Result,Performance
S001,Aarav,CSE,85,90,88,95,263,87.67,B,Pass,High
S002,Diya,CSE,72,78,80,88,230,76.67,C,Pass,Average
S003,Rahul,IT,45,55,50,70,150,50.0,F,Pass,Low
S004,Ananya,CSE,92,95,94,98,281,93.67,A,Pass,High
S005,Arjun,IT,60,65,62,80,187,62.33,D,Pass,Average
S006,Priya,CSE,35,40,38,60,113,37.67,F,Fail,Low
S007,Kiran,IT,78,82,75,90,235,78.33,C,Pass,Average
S008,Meera,CSE,88,84,91,96,263,87.67,B,Pass,High
S009,Vikram,IT,55,48,58,75,161,53.67,F,Pass,Low
S010,Sneha,CSE,96,98,97,99,291,97.0,A,Pass,High
S011,Rohan,IT,67,70,72,85,209,69.67,D,Pass,Average
S012,Isha,CSE,81,86,83,92,250,83.33,B,Pass,High
S013,Aditya,IT,42,38,45,65,125,41.67,F,Fail,Low
S014,Kavya,CSE,74,76,79,87,229,76.33,C,Pass,Average
S015,Manoj,IT,89,91,85,94,265,88.33,B,Pass,High
S016,Varun,CSE,76,81,79,89,236,78.67,C,Pass,Average
S017,Neha,IT,91,87,93,97,271,90.33,A,Pass,High
S018,Surya,CSE,58,62,55,78,175,58.33,F,Pass,Low
S019,Pooja,IT,83,79,86,91,248,82.67,B,Pass,High
S020,Ajay,CSE,69,73,71,84,213,71.0,C,Pass,Average
